{
    "project": {
        "name": "inazumatv.util",
        "version": "0.8.0",
        "description": "inazumatv.com JavaScript core library",
        "url": "",
        "logo": ""
    },
    "files": {
        "src/browser/Browser.js": {
            "name": "src/browser/Browser.js",
            "modules": {},
            "classes": {
                "Browser": 1
            },
            "fors": {
                "Browser": 1,
                "Browser.iOS": 1,
                "Browser.Android": 1,
                "Browser.IE": 1,
                "Browser.Chrome": 1,
                "Browser.Safari": 1,
                "Browser.Firefox": 1
            },
            "namespaces": {}
        },
        "src/browser/CookieUtil.js": {
            "name": "src/browser/CookieUtil.js",
            "modules": {},
            "classes": {
                "CookieUtil": 1
            },
            "fors": {
                "CookieUtil": 1
            },
            "namespaces": {}
        },
        "src/events/EventDispatcher.js": {
            "name": "src/events/EventDispatcher.js",
            "modules": {},
            "classes": {
                "EventDispatcher": 1
            },
            "fors": {},
            "namespaces": {}
        },
        "src/events/EventObject.js": {
            "name": "src/events/EventObject.js",
            "modules": {},
            "classes": {
                "EventObject": 1
            },
            "fors": {},
            "namespaces": {}
        },
        "src/motion/ShuffleText.js": {
            "name": "src/motion/ShuffleText.js",
            "modules": {},
            "classes": {
                "ShuffleText": 1
            },
            "fors": {},
            "namespaces": {}
        },
        "src/net/ImageLoader.js": {
            "name": "src/net/ImageLoader.js",
            "modules": {},
            "classes": {
                "ImageLoader": 1
            },
            "fors": {},
            "namespaces": {}
        },
        "src/net/LoadManager.js": {
            "name": "src/net/LoadManager.js",
            "modules": {},
            "classes": {
                "LoadManager": 1
            },
            "fors": {
                "LoadManager": 1
            },
            "namespaces": {}
        },
        "src/util/CheckList.js": {
            "name": "src/util/CheckList.js",
            "modules": {},
            "classes": {
                "CheckList": 1
            },
            "fors": {},
            "namespaces": {}
        },
        "src/util/FPSManager.js": {
            "name": "src/util/FPSManager.js",
            "modules": {},
            "classes": {
                "FPSManager": 1
            },
            "fors": {},
            "namespaces": {}
        },
        "src/util/LoopManager.js": {
            "name": "src/util/LoopManager.js",
            "modules": {},
            "classes": {
                "LoopManager": 1
            },
            "fors": {
                "LoopManager": 1
            },
            "namespaces": {}
        },
        "src/util/PollingManager.js": {
            "name": "src/util/PollingManager.js",
            "modules": {},
            "classes": {
                "PollingManager": 1
            },
            "fors": {},
            "namespaces": {}
        },
        "src/inazumatv.js": {
            "name": "src/inazumatv.js",
            "modules": {},
            "classes": {},
            "fors": {
                "inazumatv": 1
            },
            "namespaces": {}
        },
        "src/version.js": {
            "name": "src/version.js",
            "modules": {
                "inazumatv": 1
            },
            "classes": {
                "inazumatv": 1
            },
            "fors": {},
            "namespaces": {}
        }
    },
    "modules": {
        "inazumatv": {
            "name": "inazumatv",
            "submodules": {},
            "classes": {
                "Browser": 1,
                "Browser.iOS": 1,
                "Browser.Android": 1,
                "Browser.IE": 1,
                "Browser.Chrome": 1,
                "Browser.Safari": 1,
                "Browser.Firefox": 1,
                "CookieUtil": 1,
                "EventDispatcher": 1,
                "EventObject": 1,
                "ShuffleText": 1,
                "ImageLoader": 1,
                "LoadManager": 1,
                "CheckList": 1,
                "FPSManager": 1,
                "LoopManager": 1,
                "PollingManager": 1,
                "inazumatv": 1
            },
            "fors": {},
            "namespaces": {},
            "tag": "module",
            "file": "src/version.js",
            "line": 7
        }
    },
    "classes": {
        "Browser": {
            "name": "Browser",
            "shortname": "Browser",
            "classitems": [],
            "plugins": [],
            "extensions": [],
            "plugin_for": [],
            "extension_for": [],
            "module": "inazumatv",
            "file": "src/browser/Browser.js",
            "line": 106,
            "description": "Browser 情報を管理します",
            "is_constructor": 1
        },
        "Browser.iOS": {
            "name": "Browser.iOS",
            "shortname": "Browser.iOS",
            "classitems": [],
            "plugins": [],
            "extensions": [],
            "plugin_for": [],
            "extension_for": [],
            "module": "inazumatv"
        },
        "Browser.Android": {
            "name": "Browser.Android",
            "shortname": "Browser.Android",
            "classitems": [],
            "plugins": [],
            "extensions": [],
            "plugin_for": [],
            "extension_for": [],
            "module": "inazumatv"
        },
        "Browser.IE": {
            "name": "Browser.IE",
            "shortname": "Browser.IE",
            "classitems": [],
            "plugins": [],
            "extensions": [],
            "plugin_for": [],
            "extension_for": [],
            "module": "inazumatv"
        },
        "Browser.Chrome": {
            "name": "Browser.Chrome",
            "shortname": "Browser.Chrome",
            "classitems": [],
            "plugins": [],
            "extensions": [],
            "plugin_for": [],
            "extension_for": [],
            "module": "inazumatv"
        },
        "Browser.Safari": {
            "name": "Browser.Safari",
            "shortname": "Browser.Safari",
            "classitems": [],
            "plugins": [],
            "extensions": [],
            "plugin_for": [],
            "extension_for": [],
            "module": "inazumatv"
        },
        "Browser.Firefox": {
            "name": "Browser.Firefox",
            "shortname": "Browser.Firefox",
            "classitems": [],
            "plugins": [],
            "extensions": [],
            "plugin_for": [],
            "extension_for": [],
            "module": "inazumatv"
        },
        "CookieUtil": {
            "name": "CookieUtil",
            "shortname": "CookieUtil",
            "classitems": [],
            "plugins": [],
            "extensions": [],
            "plugin_for": [],
            "extension_for": [],
            "module": "inazumatv",
            "file": "src/browser/CookieUtil.js",
            "line": 17,
            "is_constructor": 1,
            "static": 1
        },
        "EventDispatcher": {
            "name": "EventDispatcher",
            "shortname": "EventDispatcher",
            "classitems": [],
            "plugins": [],
            "extensions": [],
            "plugin_for": [],
            "extension_for": [],
            "module": "inazumatv",
            "file": "src/events/EventDispatcher.js",
            "line": 19,
            "description": "The EventDispatcher provides methods for managing prioritized queues of event listeners and dispatching events. All\n{{#crossLink \"DisplayObject\"}}{{/crossLink}} classes dispatch events, as well as some of the utilities like {{#crossLink \"Ticker\"}}{{/crossLink}}.\n\nYou can either extend this class or mix its methods into an existing prototype or instance by using the\nEventDispatcher {{#crossLink \"EventDispatcher/initialize\"}}{{/crossLink}} method.\n\n<h4>Example</h4>\nAdd EventDispatcher capabilities to the \"MyClass\" class.\n\n     EventDispatcher.initialize(MyClass.prototype);\n\nAdd an event (see {{#crossLink \"EventDispatcher/addEventListener\"}}{{/crossLink}}).\n\n     instance.addEventListener(\"eventName\", handlerMethod);\n     function handlerMethod(event) {\n         console.log(event.target + \" Was Clicked\");\n     }\n\n<b>Maintaining proper scope</b><br />\nWhen using EventDispatcher in a class, you may need to use <code>Function.bind</code> or another approach to\nmaintain you method scope. Note that Function.bind is not supported in some older browsers.\n\n     instance.addEventListener(\"click\", handleClick.bind(this));\n     function handleClick(event) {\n         console.log(\"Method called in scope: \" + this);\n     }\n\nPlease note that currently, EventDispatcher does not support event priority or bubbling. Future versions may add\nsupport for one or both of these features.",
            "is_constructor": 1
        },
        "EventObject": {
            "name": "EventObject",
            "shortname": "EventObject",
            "classitems": [],
            "plugins": [],
            "extensions": [],
            "plugin_for": [],
            "extension_for": [],
            "module": "inazumatv",
            "file": "src/events/EventObject.js",
            "line": 16,
            "params": [
                {
                    "name": "eventType",
                    "description": "Event Type",
                    "type": "String"
                },
                {
                    "name": "params",
                    "description": "String || Array eventHandler へ送る値をセット。複数の時は配列にセットする",
                    "type": "*",
                    "optional": true
                }
            ],
            "is_constructor": 1
        },
        "ShuffleText": {
            "name": "ShuffleText",
            "shortname": "ShuffleText",
            "classitems": [],
            "plugins": [],
            "extensions": [],
            "plugin_for": [],
            "extension_for": [],
            "module": "inazumatv",
            "file": "src/motion/ShuffleText.js",
            "line": 22,
            "description": "テキストをシャッフルし表示します",
            "is_constructor": 1
        },
        "ImageLoader": {
            "name": "ImageLoader",
            "shortname": "ImageLoader",
            "classitems": [],
            "plugins": [],
            "extensions": [],
            "plugin_for": [],
            "extension_for": [],
            "module": "inazumatv",
            "file": "src/net/ImageLoader.js",
            "line": 22,
            "description": "画像ロードヘルパークラスです",
            "params": [
                {
                    "name": "imageList",
                    "description": "[pathToImage,...]",
                    "type": "Array"
                }
            ],
            "is_constructor": 1
        },
        "LoadManager": {
            "name": "LoadManager",
            "shortname": "LoadManager",
            "classitems": [],
            "plugins": [],
            "extensions": [],
            "plugin_for": [],
            "extension_for": [],
            "module": "inazumatv",
            "file": "src/net/LoadManager.js",
            "line": 153,
            "description": "LoadManager は Image オブジェクトの読み込みを管理するクラスです。.",
            "version": "2.0.0 alpha",
            "author": "Yasunobu Ikeda ( http://clockmaker.jp )",
            "is_constructor": 1
        },
        "CheckList": {
            "name": "CheckList",
            "shortname": "CheckList",
            "classitems": [],
            "plugins": [],
            "extensions": [],
            "plugin_for": [],
            "extension_for": [],
            "module": "inazumatv",
            "file": "src/util/CheckList.js",
            "line": 16,
            "description": "複数の処理が終了しているのかを管理するときなどに使用します",
            "params": [
                {
                    "name": "list",
                    "description": "[key:String...]",
                    "type": "Array.<String>"
                }
            ],
            "is_constructor": 1
        },
        "FPSManager": {
            "name": "FPSManager",
            "shortname": "FPSManager",
            "classitems": [],
            "plugins": [],
            "extensions": [],
            "plugin_for": [],
            "extension_for": [],
            "module": "inazumatv",
            "file": "src/util/FPSManager.js",
            "line": 22,
            "description": "FPSを管理します\n\n     var fps24 = new FPSManager( 24 );\n\n     function eventHandler () {\n     }\n     fps24.addEventListener( FPSManager.FPS_FRAME, eventHandler );\n\n     function loop () {\n         requestAnimationFrame( loop );\n         fps24.update();\n     }\n\n     loop();\n     fps24.start();",
            "params": [
                {
                    "name": "fps",
                    "description": "frame rate 指定（整数）",
                    "type": "Int"
                }
            ],
            "is_constructor": 1
        },
        "LoopManager": {
            "name": "LoopManager",
            "shortname": "LoopManager",
            "classitems": [],
            "plugins": [],
            "extensions": [],
            "plugin_for": [],
            "extension_for": [],
            "module": "inazumatv",
            "file": "src/util/LoopManager.js",
            "line": 44,
            "description": "Browser default loop 毎に dispatchEvent します\n\n     var loopInstance =  LoopManager.getInstance();\n\n     function onEnterFrame () {\n         // do something\n     }\n\n     loopInstance.addEventListener( LoopManager.ENTER_FRAME, onEnterFrame );",
            "return": {
                "description": "LoopManager instance",
                "type": "LoopManager"
            },
            "is_constructor": 1
        },
        "PollingManager": {
            "name": "PollingManager",
            "shortname": "PollingManager",
            "classitems": [],
            "plugins": [],
            "extensions": [],
            "plugin_for": [],
            "extension_for": [],
            "module": "inazumatv",
            "file": "src/util/PollingManager.js",
            "line": 21,
            "description": "経過時間を管理します\n<h4>Example</h4>\n[1]\nupdate()の戻り値で判定\n<br>\nmake instance\n\n     var polling1 = new PollingManager( 1000 );\n     polling1.start();\n\ncheck inside some loop function\n\n     function loop () {\n        requestAnimationFrame( loop );\n        if ( polling1.update() ) {\n          // after 1 sec.\n          // do something\n        }\n     }\n\n     loop();\n\n[2]\naddEventListener を使う別の方法\n<br>\nmake instance\n\n     var polling1 = new PollingManager( 1000 );\n     polling1.start();\n\n\ncheck inside some loop function\n\n     function eventHandler () {\n          // after 1 sec.\n          // do something\n     }\n     polling1.addEventListener( PollingManager.POLLING_PAST, eventHandler );\n     function loop () {\n          requestAnimationFrame( loop );\n          polling1.update()\n     }\n\n     loop();",
            "params": [
                {
                    "name": "ms",
                    "description": "milliseconds 指定",
                    "type": "Number"
                }
            ],
            "is_constructor": 1
        },
        "inazumatv": {
            "name": "inazumatv",
            "shortname": "inazumatv",
            "classitems": [],
            "plugins": [],
            "extensions": [],
            "plugin_for": [],
            "extension_for": [],
            "module": "inazumatv",
            "file": "src/version.js",
            "line": 7,
            "description": "Static class holding library specific information such as the version and buildDate of\nthe library."
        }
    },
    "classitems": [
        {
            "file": "src/browser/Browser.js",
            "line": 1,
            "description": "license inazumatv.com\nauthor (at)taikiken / htp://inazumatv.com\ndate 2013/12/12 - 17:25\n\nCopyright (c) 2011-2013 inazumatv.com, inc.\n\nDistributed under the terms of the MIT license.\nhttp://www.opensource.org/licenses/mit-license.html\n\nThis notice shall be included in all copies or substantial portions of the Software.",
            "class": "Browser"
        },
        {
            "file": "src/browser/Browser.js",
            "line": 51,
            "description": "iOS version detection",
            "return": {
                "description": "iOS version 配列 3桁",
                "type": "Array"
            },
            "access": "private",
            "tagname": "",
            "class": "Browser"
        },
        {
            "file": "src/browser/Browser.js",
            "line": 70,
            "description": "Android version detection",
            "return": {
                "description": "Android version 配列 2桁~3桁",
                "type": "Array"
            },
            "access": "private",
            "tagname": "",
            "class": "Browser"
        },
        {
            "file": "src/browser/Browser.js",
            "line": 115,
            "type": "{{iOS: {is: Function, number: Function, major: Function, version: Function}, Android: {is: Function, number: Function, major: Function, version: Function}, IE: {is: Function, version: Function}, Chrome: {is: Function}, Safari: {is: Function}, Firefox: {is: Function}, ie: Function, ie6: Function, ie7: Function, ie8: Function, ie9: Function, ie10: Function, ie11: Function, chrome: Function, firefox: Function, safari: Function, legacy: Function, mobile: Function, ios: Function, ios_version: Function, android_version: Function, android_version_major: Function, android_version_num: Function, android: Function, iphone: Function, ipad: Function, ipod: Function, hideURLBar: Function}}",
            "class": "Browser"
        },
        {
            "file": "src/browser/Browser.js",
            "line": 121,
            "description": "iOS に関する情報",
            "itemtype": "property",
            "name": "iOS",
            "type": "Object",
            "static": 1,
            "class": "Browser"
        },
        {
            "file": "src/browser/Browser.js",
            "line": 129,
            "itemtype": "method",
            "name": "is",
            "return": {
                "description": "iOS か否かを返します",
                "type": "Boolean"
            },
            "static": 1,
            "class": "Browser.iOS"
        },
        {
            "file": "src/browser/Browser.js",
            "line": 138,
            "itemtype": "method",
            "name": "number",
            "return": {
                "description": "iOS version number を返します [ major, minor, build ]",
                "type": "Array"
            },
            "static": 1,
            "class": "Browser.iOS"
        },
        {
            "file": "src/browser/Browser.js",
            "line": 147,
            "itemtype": "method",
            "name": "major",
            "return": {
                "description": "iOS major version number を返します",
                "type": "Number"
            },
            "static": 1,
            "class": "Browser.iOS"
        },
        {
            "file": "src/browser/Browser.js",
            "line": 156,
            "itemtype": "method",
            "name": "version",
            "return": {
                "description": "iOS version を返します 9.99",
                "type": "Number"
            },
            "static": 1,
            "class": "Browser.iOS"
        },
        {
            "file": "src/browser/Browser.js",
            "line": 166,
            "description": "Android に関する情報",
            "itemtype": "property",
            "name": "Android",
            "type": "Object",
            "static": 1,
            "class": "Browser"
        },
        {
            "file": "src/browser/Browser.js",
            "line": 174,
            "itemtype": "method",
            "name": "is",
            "return": {
                "description": "Android か否かを返します",
                "type": "Boolean"
            },
            "static": 1,
            "class": "Browser.Android"
        },
        {
            "file": "src/browser/Browser.js",
            "line": 183,
            "itemtype": "method",
            "name": "number",
            "return": {
                "description": "Android version number を返します [ major, minor, build ]",
                "type": "Array"
            },
            "static": 1,
            "class": "Browser.Android"
        },
        {
            "file": "src/browser/Browser.js",
            "line": 192,
            "itemtype": "method",
            "name": "major",
            "return": {
                "description": "Android major version number を返します",
                "type": "Number"
            },
            "static": 1,
            "class": "Browser.Android"
        },
        {
            "file": "src/browser/Browser.js",
            "line": 201,
            "itemtype": "method",
            "name": "version",
            "return": {
                "description": "Android version を返します 9.99",
                "type": "Number"
            },
            "static": 1,
            "class": "Browser.Android"
        },
        {
            "file": "src/browser/Browser.js",
            "line": 211,
            "description": "IE に関する情報",
            "itemtype": "property",
            "name": "IE",
            "type": "Object",
            "static": 1,
            "class": "Browser"
        },
        {
            "file": "src/browser/Browser.js",
            "line": 219,
            "itemtype": "method",
            "name": "is",
            "return": {
                "description": "IE か否かを返します",
                "type": "Boolean"
            },
            "static": 1,
            "class": "Browser.IE"
        },
        {
            "file": "src/browser/Browser.js",
            "line": 228,
            "itemtype": "method",
            "name": "version",
            "return": {
                "description": "IE version を返します int 6 ~ 11, IE でない場合は -1",
                "type": "Number"
            },
            "static": 1,
            "class": "Browser.IE"
        },
        {
            "file": "src/browser/Browser.js",
            "line": 252,
            "description": "Chrome に関する情報",
            "itemtype": "property",
            "name": "Chrome",
            "type": "Object",
            "static": 1,
            "class": "Browser"
        },
        {
            "file": "src/browser/Browser.js",
            "line": 260,
            "itemtype": "method",
            "name": "is",
            "return": {
                "description": "Chrome か否かを返します",
                "type": "Boolean"
            },
            "static": 1,
            "class": "Browser.Chrome"
        },
        {
            "file": "src/browser/Browser.js",
            "line": 270,
            "description": "Safari に関する情報",
            "itemtype": "property",
            "name": "Safari",
            "type": "Object",
            "static": 1,
            "class": "Browser"
        },
        {
            "file": "src/browser/Browser.js",
            "line": 278,
            "itemtype": "method",
            "name": "is",
            "return": {
                "description": "Safari か否かを返します",
                "type": "Boolean"
            },
            "static": 1,
            "class": "Browser.Safari"
        },
        {
            "file": "src/browser/Browser.js",
            "line": 288,
            "description": "Firefox に関する情報",
            "itemtype": "property",
            "name": "Firefox",
            "type": "Object",
            "static": 1,
            "class": "Browser"
        },
        {
            "file": "src/browser/Browser.js",
            "line": 296,
            "itemtype": "method",
            "name": "is",
            "return": {
                "description": "Firefox か否かを返します",
                "type": "Boolean"
            },
            "static": 1,
            "class": "Browser.Firefox"
        },
        {
            "file": "src/browser/CookieUtil.js",
            "line": 1,
            "description": "license inazumatv.com\nauthor (at)taikiken / htp://inazumatv.com\ndate 2013/12/13 - 13:57\n\nCopyright (c) 2011-2013 inazumatv.com, inc.\n\nDistributed under the terms of the MIT license.\nhttp://www.opensource.org/licenses/mit-license.html\n\nThis notice shall be included in all copies or substantial portions of the Software.",
            "class": "CookieUtil"
        },
        {
            "file": "src/browser/CookieUtil.js",
            "line": 26,
            "type": "{{getItem: Function, setItem: Function, removeItem: Function, hasItem: Function, keys: Function}}\n https://developer.mozilla.org/en-US/docs/Web/API/document.cookie",
            "class": "CookieUtil"
        },
        {
            "file": "src/browser/CookieUtil.js",
            "line": 32,
            "description": "Cookie 取得",
            "itemtype": "method",
            "name": "getItem",
            "params": [
                {
                    "name": "sKey",
                    "description": "",
                    "type": "String"
                }
            ],
            "return": {
                "description": "Cookie 値を返します。取得できない場合はnullを返します。",
                "type": "String|null"
            },
            "static": 1,
            "class": "CookieUtil"
        },
        {
            "file": "src/browser/CookieUtil.js",
            "line": 43,
            "description": "Cookie 保存",
            "itemtype": "method",
            "name": "setItem",
            "params": [
                {
                    "name": "sKey",
                    "description": "Cookie key",
                    "type": "String"
                },
                {
                    "name": "sValue",
                    "description": "Cookie value",
                    "type": "String"
                },
                {
                    "name": "vEnd",
                    "description": "Cookie 期限, [ millisecond, Date.toUTCString ]",
                    "type": "String",
                    "optional": true
                },
                {
                    "name": "sPath",
                    "description": "Cookie path",
                    "type": "String",
                    "optional": true
                },
                {
                    "name": "sDomain",
                    "description": "Cookie Domain",
                    "type": "String",
                    "optional": true
                },
                {
                    "name": "bSecure",
                    "description": "Cookie secure",
                    "type": "String",
                    "optional": true
                }
            ],
            "return": {
                "description": "保存に成功したかの真偽値を返します",
                "type": "Boolean"
            },
            "static": 1,
            "class": "CookieUtil"
        },
        {
            "file": "src/browser/CookieUtil.js",
            "line": 75,
            "description": "Cookie 削除",
            "itemtype": "method",
            "name": "removeItem",
            "params": [
                {
                    "name": "sKey",
                    "description": "Cookie key",
                    "type": "String"
                },
                {
                    "name": "sPath",
                    "description": "Cookie path",
                    "type": "String",
                    "optional": true
                },
                {
                    "name": "sDomain",
                    "description": "Cookie Domain",
                    "type": "String",
                    "optional": true
                }
            ],
            "return": {
                "description": "削除に成功したかの真偽値を返します",
                "type": "Boolean"
            },
            "static": 1,
            "class": "CookieUtil"
        },
        {
            "file": "src/browser/CookieUtil.js",
            "line": 90,
            "description": "Cookie Key が存在するかを調べる",
            "itemtype": "method",
            "name": "hasItem",
            "params": [
                {
                    "name": "sKey",
                    "description": "Cookie key"
                }
            ],
            "return": {
                "description": "true / false",
                "type": "*"
            },
            "static": 1,
            "class": "CookieUtil"
        },
        {
            "file": "src/browser/CookieUtil.js",
            "line": 101,
            "description": "Cookie key 列挙",
            "itemtype": "method",
            "name": "keys",
            "return": {
                "description": "Cookie key 配列を返します",
                "type": "Array"
            },
            "static": 1,
            "class": "CookieUtil"
        },
        {
            "file": "src/events/EventDispatcher.js",
            "line": 1,
            "description": "license inazumatv.com\nauthor (at)taikiken / htp://inazumatv.com\ndate 2013/12/13 - 14:26\n\nCopyright (c) 2011-2013 inazumatv.com, inc.\n\nDistributed under the terms of the MIT license.\nhttp://www.opensource.org/licenses/mit-license.html\n\nThis notice shall be included in all copies or substantial portions of the Software.",
            "class": "EventDispatcher"
        },
        {
            "file": "src/events/EventDispatcher.js",
            "line": 61,
            "description": "Static initializer to mix in EventDispatcher methods.",
            "itemtype": "method",
            "name": "initialize",
            "static": 1,
            "params": [
                {
                    "name": "target",
                    "description": "The target object to inject EventDispatcher methods into. This can be an instance or a\nprototype.",
                    "type": "Object",
                    "optional": true
                }
            ],
            "class": "EventDispatcher"
        },
        {
            "file": "src/events/EventDispatcher.js",
            "line": 77,
            "access": "protected",
            "tagname": "",
            "itemtype": "property",
            "name": "_listeners",
            "type": "Object",
            "class": "EventDispatcher"
        },
        {
            "file": "src/events/EventDispatcher.js",
            "line": 85,
            "description": "Initialization method.",
            "itemtype": "method",
            "name": "initialize",
            "access": "protected",
            "tagname": "",
            "class": "EventDispatcher"
        },
        {
            "file": "src/events/EventDispatcher.js",
            "line": 93,
            "description": "Adds the specified event listener.",
            "itemtype": "method",
            "name": "addEventListener",
            "params": [
                {
                    "name": "type",
                    "description": "The string type of the event.",
                    "type": "String"
                },
                {
                    "name": "listener",
                    "description": "An object with a handleEvent method, or a function that will be called when\nthe event is dispatched.",
                    "type": "Function | Object"
                }
            ],
            "return": {
                "description": "Returns the listener for chaining or assignment.",
                "type": "Function | Object"
            },
            "class": "EventDispatcher"
        },
        {
            "file": "src/events/EventDispatcher.js",
            "line": 111,
            "description": "Removes the specified event listener.",
            "itemtype": "method",
            "name": "removeEventListener",
            "params": [
                {
                    "name": "type",
                    "description": "The string type of the event.",
                    "type": "String"
                },
                {
                    "name": "listener",
                    "description": "The listener function or object.",
                    "type": "Function | Object"
                }
            ],
            "class": "EventDispatcher"
        },
        {
            "file": "src/events/EventDispatcher.js",
            "line": 131,
            "description": "Removes all listeners for the specified type, or all listeners of all types.",
            "itemtype": "method",
            "name": "removeAllEventListeners",
            "params": [
                {
                    "name": "type",
                    "description": "The string type of the event. If omitted, all listeners for all types will be removed.",
                    "type": "String",
                    "optional": true
                }
            ],
            "class": "EventDispatcher"
        },
        {
            "file": "src/events/EventDispatcher.js",
            "line": 141,
            "description": "Dispatches the specified event.",
            "itemtype": "method",
            "name": "dispatchEvent",
            "params": [
                {
                    "name": "eventObj",
                    "description": "An object with a \"type\" property, or a string type. If a string is used,\ndispatchEvent will construct a generic event object with \"type\" and \"params\" properties.",
                    "type": "Object | String"
                },
                {
                    "name": "target",
                    "description": "The object to use as the target property of the event object. This will default to the\ndispatching object.",
                    "type": "Object",
                    "optional": true
                }
            ],
            "return": {
                "description": "Returns true if any listener returned true.",
                "type": "Boolean"
            },
            "class": "EventDispatcher"
        },
        {
            "file": "src/events/EventDispatcher.js",
            "line": 167,
            "description": "Indicates whether there is at least one listener for the specified event type.",
            "itemtype": "method",
            "name": "hasEventListener",
            "params": [
                {
                    "name": "type",
                    "description": "The string type of the event.",
                    "type": "String"
                }
            ],
            "return": {
                "description": "Returns true if there is at least one listener for the specified event.",
                "type": "Boolean"
            },
            "class": "EventDispatcher"
        },
        {
            "file": "src/events/EventDispatcher.js",
            "line": 178,
            "itemtype": "method",
            "name": "toString",
            "return": {
                "description": "a string representation of the instance.",
                "type": "String"
            },
            "class": "EventDispatcher"
        },
        {
            "file": "src/events/EventObject.js",
            "line": 1,
            "description": "license inazumatv.com\nauthor (at)taikiken / htp://inazumatv.com\ndate 2013/12/13 - 14:34\n\nCopyright (c) 2011-2013 inazumatv.com, inc.\n\nDistributed under the terms of the MIT license.\nhttp://www.opensource.org/licenses/mit-license.html\n\nThis notice shall be included in all copies or substantial portions of the Software.",
            "class": "EventObject"
        },
        {
            "file": "src/events/EventObject.js",
            "line": 39,
            "description": "パラメタ取出し",
            "return": {
                "description": "配列を返します",
                "type": "*"
            },
            "class": "EventObject"
        },
        {
            "file": "src/motion/ShuffleText.js",
            "line": 1,
            "description": "license inazumatv.com\nauthor (at)taikiken / htp://inazumatv.com\ndate 2013/12/13 - 16:58\n\nCopyright (c) 2011-2013 inazumatv.com, inc.\n\nDistributed under the terms of the MIT license.\nhttp://www.opensource.org/licenses/mit-license.html\n\nThis notice shall be included in all copies or substantial portions of the Software.",
            "class": "ShuffleText"
        },
        {
            "file": "src/motion/ShuffleText.js",
            "line": 31,
            "itemtype": "method",
            "name": "initialize",
            "params": [
                {
                    "name": "element",
                    "description": "DOMElement",
                    "type": "*"
                }
            ],
            "class": "ShuffleText"
        },
        {
            "file": "src/motion/ShuffleText.js",
            "line": 39,
            "description": "ランダムテキストに用いる文字列",
            "itemtype": "property",
            "name": "sourceRandomCharacter",
            "type": "{string}",
            "default": "ABCDEFGHIJKLMNOPQRSTUVWXYZ1234567890",
            "class": "ShuffleText"
        },
        {
            "file": "src/motion/ShuffleText.js",
            "line": 50,
            "description": "空白に用いる文字列",
            "itemtype": "property",
            "name": "emptyCharacter",
            "type": "{string}",
            "default": "\"*\"",
            "class": "ShuffleText"
        },
        {
            "file": "src/motion/ShuffleText.js",
            "line": 57,
            "description": "フレームレート",
            "itemtype": "property",
            "name": "fps",
            "type": "{Number}",
            "default": "60",
            "class": "ShuffleText"
        },
        {
            "file": "src/motion/ShuffleText.js",
            "line": 64,
            "description": "再生中かどうかを示すブール値",
            "itemtype": "property",
            "name": "isRunning",
            "type": "{boolean}",
            "class": "ShuffleText"
        },
        {
            "file": "src/motion/ShuffleText.js",
            "line": 70,
            "description": "エフェクトの実行時間(millisecond)",
            "itemtype": "property",
            "name": "duration",
            "type": "{Number}",
            "default": "500 (500ms)",
            "class": "ShuffleText"
        },
        {
            "file": "src/motion/ShuffleText.js",
            "line": 78,
            "itemtype": "method",
            "name": "setDuration",
            "params": [
                {
                    "name": "ms",
                    "description": "millisecond",
                    "type": "Number"
                }
            ],
            "class": "ShuffleText"
        },
        {
            "file": "src/motion/ShuffleText.js",
            "line": 93,
            "description": "テキストを設定します。",
            "itemtype": "method",
            "name": "setText",
            "params": [
                {
                    "name": "text",
                    "description": "",
                    "type": "String"
                }
            ],
            "class": "ShuffleText"
        },
        {
            "file": "src/motion/ShuffleText.js",
            "line": 103,
            "description": "再生を開始します。",
            "itemtype": "method",
            "name": "start",
            "class": "ShuffleText"
        },
        {
            "file": "src/motion/ShuffleText.js",
            "line": 133,
            "description": "停止します。",
            "itemtype": "method",
            "name": "stop",
            "class": "ShuffleText"
        },
        {
            "file": "src/motion/ShuffleText.js",
            "line": 146,
            "access": "private",
            "tagname": "",
            "itemtype": "method",
            "name": "_onInterval",
            "class": "ShuffleText"
        },
        {
            "file": "src/motion/ShuffleText.js",
            "line": 180,
            "description": "shuffle 終了 callback 関数, override して使用します",
            "itemtype": "method",
            "name": "onComplete",
            "class": "ShuffleText"
        },
        {
            "file": "src/motion/ShuffleText.js",
            "line": 188,
            "access": "private",
            "tagname": "",
            "static": 1,
            "itemtype": "property",
            "name": "Delegate",
            "type": "{{create: Function}}",
            "class": "ShuffleText"
        },
        {
            "file": "src/motion/ShuffleText.js",
            "line": 195,
            "description": "スコープを移譲した関数を作成します。",
            "itemtype": "method",
            "name": "create",
            "params": [
                {
                    "name": "func",
                    "description": "実行したい関数",
                    "type": "Function"
                },
                {
                    "name": "thisObj",
                    "description": "移譲したいスコープ",
                    "type": "*"
                }
            ],
            "return": {
                "description": "移譲済みの関数",
                "type": "Function"
            },
            "class": "ShuffleText"
        },
        {
            "file": "src/net/ImageLoader.js",
            "line": 1,
            "description": "license inazumatv.com\nauthor (at)taikiken / htp://inazumatv.com\ndate 2013/12/13 - 17:17\n\nCopyright (c) 2011-2013 inazumatv.com, inc.\n\nDistributed under the terms of the MIT license.\nhttp://www.opensource.org/licenses/mit-license.html\n\nThis notice shall be included in all copies or substantial portions of the Software.\n\nrequire LoadManager, EventDispatcher, EventObject",
            "class": "ImageLoader"
        },
        {
            "file": "src/net/ImageLoader.js",
            "line": 29,
            "description": "LoadManager instance",
            "type": "{LoadManager}",
            "access": "private",
            "tagname": "",
            "class": "ImageLoader"
        },
        {
            "file": "src/net/ImageLoader.js",
            "line": 35,
            "description": "画像パスリスト",
            "type": "{Array}",
            "access": "private",
            "tagname": "",
            "class": "ImageLoader"
        },
        {
            "file": "src/net/ImageLoader.js",
            "line": 43,
            "itemtype": "property",
            "name": "COMPLETE",
            "final": "",
            "type": "{string}",
            "static": 1,
            "class": "ImageLoader"
        },
        {
            "file": "src/net/ImageLoader.js",
            "line": 49,
            "itemtype": "property",
            "name": "COMPLETE",
            "final": "",
            "type": "{string}",
            "static": 1,
            "class": "ImageLoader"
        },
        {
            "file": "src/net/ImageLoader.js",
            "line": 55,
            "itemtype": "property",
            "name": "ERROR",
            "final": "",
            "type": "{string}",
            "static": 1,
            "class": "ImageLoader"
        },
        {
            "file": "src/net/ImageLoader.js",
            "line": 61,
            "itemtype": "property",
            "name": "Start",
            "final": "",
            "type": "{string}",
            "static": 1,
            "class": "ImageLoader"
        },
        {
            "file": "src/net/ImageLoader.js",
            "line": 73,
            "description": "画像ロードを開始します",
            "class": "ImageLoader"
        },
        {
            "file": "src/net/LoadManager.js",
            "line": 1,
            "description": "LoadManager by Yasunobu Ikeda. April 20, 2010\nVisit http://clockmaker.jp/ for documentation, updates and examples.\n\n\nCopyright (c) 2010 Yasunobu Ikeda\n\nPermission is hereby granted, free of charge, to any person\nobtaining a copy of this software and associated documentation\nfiles (the \"Software\"), to deal in the Software without\nrestriction, including without limitation the rights to use,\ncopy, modify, merge, publish, distribute, sublicense, and/or sell\ncopies of the Software, and to permit persons to whom the\nSoftware is furnished to do so, subject to the following\nconditions:\n\nThe above copyright notice and this permission notice shall be\nincluded in all copies or substantial portions of the Software.\n\nTHE SOFTWARE IS PROVIDED \"AS IS\", WITHOUT WARRANTY OF ANY KIND,\nEXPRESS OR IMPLIED, INCLUDING BUT NOT LIMITED TO THE WARRANTIES\nOF MERCHANTABILITY, FITNESS FOR A PARTICULAR PURPOSE AND\nNONINFRINGEMENT. IN NO EVENT SHALL THE AUTHORS OR COPYRIGHT\nHOLDERS BE LIABLE FOR ANY CLAIM, DAMAGES OR OTHER LIABILITY,\nWHETHER IN AN ACTION OF CONTRACT, TORT OR OTHERWISE, ARISING\nFROM, OUT OF OR IN CONNECTION WITH THE SOFTWARE OR THE USE OR\nOTHER DEALINGS IN THE SOFTWARE.",
            "class": "LoadManager"
        },
        {
            "file": "src/net/LoadManager.js",
            "line": 29,
            "description": "license inazumatv.com\nauthor (at)taikiken / htp://inazumatv.com\ndate 2013/12/13 - 15:21\n\nCopyright (c) 2011-2013 inazumatv.com, inc.\n\nDistributed under the terms of the MIT license.\nhttp://www.opensource.org/licenses/mit-license.html\n\nThis notice shall be included in all copies or substantial portions of the Software.\n\nオリジナルはYasunobu Ikeda氏のLoadManagerです。\n(at)taikikenがカスタマイズして使用しています。",
            "class": "LoadManager"
        },
        {
            "file": "src/net/LoadManager.js",
            "line": 47,
            "type": "{{LoadingData: Function, CompleteEvent: Function, ProgressEvent: Function, ErrorEvent: Function}}",
            "access": "private",
            "tagname": "",
            "class": "LoadManager"
        },
        {
            "file": "src/net/LoadManager.js",
            "line": 54,
            "description": "読み込みアイテムのバリューオブジェクトです。",
            "params": [
                {
                    "name": "url",
                    "description": "URLです。",
                    "type": "String"
                },
                {
                    "name": "extra",
                    "description": "任意のObjectデータです。",
                    "type": "Object",
                    "optional": true
                }
            ],
            "is_constructor": 1,
            "author": "Yasunobu Ikeda ( http://clockmaker.jp )",
            "class": "LoadManager"
        },
        {
            "file": "src/net/LoadManager.js",
            "line": 62,
            "description": "URLです。",
            "type": "String",
            "class": "LoadManager"
        },
        {
            "file": "src/net/LoadManager.js",
            "line": 67,
            "description": "エキストラオブジェクト(何でも保持可能)です。",
            "type": "Object",
            "class": "LoadManager"
        },
        {
            "file": "src/net/LoadManager.js",
            "line": 73,
            "description": "Image オブジェクトです。",
            "type": "Image",
            "class": "LoadManager"
        },
        {
            "file": "src/net/LoadManager.js",
            "line": 81,
            "description": "LoadManager の完了イベントを定義したイベントクラスです。\nネイティブのEventクラスの継承ではありませんので注意ください。",
            "author": "Yasunobu Ikeda ( http://clockmaker.jp )",
            "is_constructor": 1,
            "class": "LoadManager"
        },
        {
            "file": "src/net/LoadManager.js",
            "line": 90,
            "description": "イベントターゲットです。",
            "type": "LoadManager",
            "class": "LoadManager"
        },
        {
            "file": "src/net/LoadManager.js",
            "line": 98,
            "description": "LoadManager のプログレスイベントを定義したイベントクラスです。\nネイティブのEventクラスの継承ではありませんので注意ください。",
            "is_constructor": 1,
            "author": "Yasunobu Ikeda ( http://clockmaker.jp )",
            "class": "LoadManager"
        },
        {
            "file": "src/net/LoadManager.js",
            "line": 105,
            "description": "Number of items already loaded",
            "type": "Number",
            "class": "LoadManager"
        },
        {
            "file": "src/net/LoadManager.js",
            "line": 110,
            "description": "Number of items to be loaded",
            "type": "Number",
            "class": "LoadManager"
        },
        {
            "file": "src/net/LoadManager.js",
            "line": 115,
            "description": "The ratio (0-1) loaded (number of items loaded / number of items total)",
            "type": "Number",
            "class": "LoadManager"
        },
        {
            "file": "src/net/LoadManager.js",
            "line": 120,
            "description": "読み込み処理に関するデータオブジェクトです。",
            "type": "_libs.LoadingData",
            "class": "LoadManager"
        },
        {
            "file": "src/net/LoadManager.js",
            "line": 125,
            "description": "イベントターゲットです。",
            "type": "LoadManager",
            "class": "LoadManager"
        },
        {
            "file": "src/net/LoadManager.js",
            "line": 133,
            "description": "LoadManager のエラーイベントを定義したイベントクラスです。\nネイティブのEventクラスの継承ではありませんので注意ください。",
            "is_constructor": 1,
            "author": "Yasunobu Ikeda ( http://clockmaker.jp )",
            "class": "LoadManager"
        },
        {
            "file": "src/net/LoadManager.js",
            "line": 140,
            "description": "読み込み処理に関するデータオブジェクトです。",
            "type": "_libs.LoadingData",
            "class": "LoadManager"
        },
        {
            "file": "src/net/LoadManager.js",
            "line": 145,
            "description": "イベントターゲットです。",
            "type": "LoadManager",
            "class": "LoadManager"
        },
        {
            "file": "src/net/LoadManager.js",
            "line": 163,
            "description": "LogLevel: すべてのログを出力します。",
            "type": "{Number}",
            "constant": "LOG_VERBOSE",
            "static": 1,
            "class": "LoadManager"
        },
        {
            "file": "src/net/LoadManager.js",
            "line": 171,
            "description": "LogLevel: ログは一切出力しません。",
            "type": "{Number}",
            "constant": "LOG_SILENT",
            "static": 1,
            "class": "LoadManager"
        },
        {
            "file": "src/net/LoadManager.js",
            "line": 179,
            "description": "LogLevel: エラーのときだけログを出力します。",
            "type": "{Number}",
            "itemtype": "property",
            "name": "LOG_ERRORS",
            "final": "",
            "static": 1,
            "class": "LoadManager"
        },
        {
            "file": "src/net/LoadManager.js",
            "line": 188,
            "description": "スコープを移譲した関数を作成します。",
            "params": [
                {
                    "name": "func",
                    "description": "実行したい関数",
                    "type": "Function"
                },
                {
                    "name": "thisObj",
                    "description": "移譲したいスコープ",
                    "type": "Object"
                }
            ],
            "return": {
                "description": "移譲済みの関数",
                "type": "Function"
            },
            "access": "private",
            "tagname": "",
            "static": 1,
            "class": "LoadManager"
        },
        {
            "file": "src/net/LoadManager.js",
            "line": 209,
            "class": "LoadManager"
        },
        {
            "file": "src/net/LoadManager.js",
            "line": 219,
            "description": "同時接続数です。デフォルトは6です。",
            "itemtype": "property",
            "name": "numConnections",
            "type": "{Number}",
            "default": "6",
            "class": "LoadManager"
        },
        {
            "file": "src/net/LoadManager.js",
            "line": 227,
            "description": "プログレスイベント発生時に呼ばれるコールバックです。",
            "itemtype": "method",
            "name": "",
            "params": [
                {
                    "name": "event",
                    "description": "ProgressEvent オブジェクトが第一引数で渡されます。",
                    "type": "_libs.ProgressEvent"
                }
            ],
            "class": "LoadManager"
        },
        {
            "file": "src/net/LoadManager.js",
            "line": 235,
            "description": "処理完了時に呼ばれるコールバックです。",
            "itemtype": "method",
            "name": "",
            "params": [
                {
                    "name": "event",
                    "description": "CompleteEvent オブジェクトが第一引数で渡されます。",
                    "type": "_libs.CompleteEvent"
                }
            ],
            "class": "LoadManager"
        },
        {
            "file": "src/net/LoadManager.js",
            "line": 243,
            "description": "エラー発生時に呼ばれるコールバックです。",
            "itemtype": "method",
            "name": "",
            "params": [
                {
                    "name": "event",
                    "description": "ErrorEvent オブジェクトが第一引数で渡されます。",
                    "type": "_libs.ErrorEvent"
                }
            ],
            "class": "LoadManager"
        },
        {
            "file": "src/net/LoadManager.js",
            "line": 251,
            "description": "ログのレベルを取得または設定します。デフォルトは LOG_SILENT (出力なし) です。",
            "itemtype": "property",
            "name": "logLevel",
            "type": "{Number}",
            "class": "LoadManager"
        },
        {
            "file": "src/net/LoadManager.js",
            "line": 259,
            "description": "処理が走っているかどうかを取得します。",
            "itemtype": "method",
            "name": "getIsRunning",
            "return": {
                "description": "",
                "type": "Boolean"
            },
            "class": "LoadManager"
        },
        {
            "file": "src/net/LoadManager.js",
            "line": 268,
            "description": "処理が完了しているかどうかを取得します。",
            "itemtype": "method",
            "name": "getIsFinished",
            "return": {
                "description": "",
                "type": "Boolean"
            },
            "class": "LoadManager"
        },
        {
            "file": "src/net/LoadManager.js",
            "line": 277,
            "description": "読み込みに成功したアイテムを配列として取得します。",
            "itemtype": "method",
            "name": "getSuccessItems",
            "return": {
                "description": "Array of LoadingData",
                "type": "Array"
            },
            "class": "LoadManager"
        },
        {
            "file": "src/net/LoadManager.js",
            "line": 286,
            "description": "読み込みに失敗したアイテムを配列として取得します。",
            "itemtype": "method",
            "name": "getFailedItems",
            "return": {
                "description": "Array of LoadingData",
                "type": "Array"
            },
            "class": "LoadManager"
        },
        {
            "file": "src/net/LoadManager.js",
            "line": 295,
            "description": "処理の進行度を0～1の値で取得します。 (either IO Error).",
            "itemtype": "method",
            "name": "getPercent",
            "return": {
                "description": "",
                "type": "Number"
            },
            "class": "LoadManager"
        },
        {
            "file": "src/net/LoadManager.js",
            "line": 307,
            "description": "読み込みたいアセットを登録します。",
            "itemtype": "method",
            "name": "add",
            "params": [
                {
                    "name": "url",
                    "description": "URLです。",
                    "type": "String"
                },
                {
                    "name": "extra",
                    "description": "任意の Object データです。",
                    "type": "Object",
                    "optional": true
                }
            ],
            "return": {
                "description": "読み込みアイテムの情報です。",
                "type": "_libs.LoadingData"
            },
            "class": "LoadManager"
        },
        {
            "file": "src/net/LoadManager.js",
            "line": 325,
            "description": "URLをキーとして読み込み済みアセットを取得します。\nなるべく読み込み完了後(onCompete発生後)に使ってください。",
            "itemtype": "method",
            "name": "get",
            "params": [
                {
                    "name": "url",
                    "description": "URLです。このURLと一致するアセットを返します。",
                    "type": "String"
                }
            ],
            "return": {
                "description": "読み込み情報を保持したデータです。",
                "type": "_libs.LoadingData"
            },
            "class": "LoadManager"
        },
        {
            "file": "src/net/LoadManager.js",
            "line": 342,
            "description": "読み込み処理を開始します。",
            "itemtype": "method",
            "name": "start",
            "params": [
                {
                    "name": "withConnections",
                    "description": "(default = null) — [optional] 同時読み込み数です。",
                    "type": "Number="
                }
            ],
            "class": "LoadManager"
        },
        {
            "file": "src/net/LoadManager.js",
            "line": 456,
            "class": "LoadManager"
        },
        {
            "file": "src/util/CheckList.js",
            "line": 1,
            "description": "license inazumatv.com\nauthor (at)taikiken / htp://inazumatv.com\ndate 2013/12/13 - 17:28\n\nCopyright (c) 2011-2013 inazumatv.com, inc.\n\nDistributed under the terms of the MIT license.\nhttp://www.opensource.org/licenses/mit-license.html\n\nThis notice shall be included in all copies or substantial portions of the Software.",
            "class": "CheckList"
        },
        {
            "file": "src/util/CheckList.js",
            "line": 23,
            "description": "check用list",
            "itemtype": "property",
            "name": "_checkList",
            "type": "{null|{}}",
            "access": "private",
            "tagname": "",
            "class": "CheckList"
        },
        {
            "file": "src/util/CheckList.js",
            "line": 36,
            "description": "管理用配列を再生成します",
            "itemtype": "method",
            "name": "reset",
            "params": [
                {
                    "name": "list",
                    "description": "[key:String...]",
                    "type": "Array.<String>"
                }
            ],
            "class": "CheckList"
        },
        {
            "file": "src/util/CheckList.js",
            "line": 54,
            "description": "引数keyの値をtrueにし、全てtrueかどうかを返します",
            "itemtype": "method",
            "name": "clear",
            "params": [
                {
                    "name": "key",
                    "description": "",
                    "type": "String"
                }
            ],
            "return": {
                "description": "true: 全てtrue, false: falseが含まれている",
                "type": "Boolean"
            },
            "class": "CheckList"
        },
        {
            "file": "src/util/CheckList.js",
            "line": 73,
            "description": "全てtrueかどうかを調べます",
            "itemtype": "method",
            "name": "_isAllClear",
            "return": {
                "description": "true: 全てtrue, false: falseが含まれている",
                "type": "Boolean"
            },
            "access": "private",
            "tagname": "",
            "class": "CheckList"
        },
        {
            "file": "src/util/FPSManager.js",
            "line": 1,
            "description": "license inazumatv.com\nauthor (at)taikiken / htp://inazumatv.com\ndate 2013/12/13 - 18:40\n\nCopyright (c) 2011-2013 inazumatv.com, inc.\n\nDistributed under the terms of the MIT license.\nhttp://www.opensource.org/licenses/mit-license.html\n\nThis notice shall be included in all copies or substantial portions of the Software.\n\nrequire EventDispatcher, EventObject",
            "class": "FPSManager"
        },
        {
            "file": "src/util/FPSManager.js",
            "line": 51,
            "description": "event type",
            "itemtype": "property",
            "name": "FPS_FRAME",
            "final": "",
            "type": "{string}",
            "static": 1,
            "class": "FPSManager"
        },
        {
            "file": "src/util/FPSManager.js",
            "line": 64,
            "description": "FPS監視を開始します",
            "itemtype": "method",
            "name": "start",
            "class": "FPSManager"
        },
        {
            "file": "src/util/FPSManager.js",
            "line": 72,
            "description": "FPS監視を停止します",
            "itemtype": "method",
            "name": "stop",
            "class": "FPSManager"
        },
        {
            "file": "src/util/FPSManager.js",
            "line": 80,
            "description": "FPS監視を復活します",
            "itemtype": "method",
            "name": "restore",
            "class": "FPSManager"
        },
        {
            "file": "src/util/FPSManager.js",
            "line": 88,
            "description": "update 関数を破棄します",
            "itemtype": "method",
            "name": "destroy",
            "class": "FPSManager"
        },
        {
            "file": "src/util/FPSManager.js",
            "line": 96,
            "description": "FPS値を設定します",
            "itemtype": "method",
            "name": "setFPS",
            "params": [
                {
                    "name": "fps",
                    "description": "frame rate 指定（整数）",
                    "type": "Int"
                }
            ],
            "class": "FPSManager"
        },
        {
            "file": "src/util/FPSManager.js",
            "line": 107,
            "description": "FPS値を変更します",
            "itemtype": "method",
            "name": "changeFPS",
            "params": [
                {
                    "name": "fps",
                    "description": "frame rate 指定（整数）",
                    "type": "Int"
                }
            ],
            "class": "FPSManager"
        },
        {
            "file": "src/util/FPSManager.js",
            "line": 117,
            "itemtype": "method",
            "name": "getFPS",
            "return": {
                "description": "現在のFPSを返します",
                "type": "Int|*"
            },
            "class": "FPSManager"
        },
        {
            "file": "src/util/FPSManager.js",
            "line": 125,
            "itemtype": "method",
            "name": "update",
            "return": {
                "description": "FPSに達した場合はtrueを返します",
                "type": "Boolean"
            },
            "class": "FPSManager"
        },
        {
            "file": "src/util/LoopManager.js",
            "line": 1,
            "description": "license inazumatv.com\nauthor (at)taikiken / htp://inazumatv.com\ndate 2013/12/13 - 19:11\n\nCopyright (c) 2011-2013 inazumatv.com, inc.\n\nDistributed under the terms of the MIT license.\nhttp://www.opensource.org/licenses/mit-license.html\n\nThis notice shall be included in all copies or substantial portions of the Software.\n\nrequire EventDispatcher, EventObject",
            "class": "LoopManager"
        },
        {
            "file": "src/util/LoopManager.js",
            "line": 33,
            "description": "ループ処理内部関数",
            "itemtype": "method",
            "name": "_loop",
            "access": "private",
            "tagname": "",
            "class": "LoopManager"
        },
        {
            "file": "src/util/LoopManager.js",
            "line": 73,
            "static": 1,
            "itemtype": "method",
            "name": "getInstance",
            "return": {
                "description": "LoopManager instance",
                "type": "LoopManager"
            },
            "class": "LoopManager"
        },
        {
            "file": "src/util/LoopManager.js",
            "line": 87,
            "description": "event type",
            "itemtype": "property",
            "name": "ENTER_FRAME",
            "final": "",
            "type": "{string}",
            "static": 1,
            "class": "LoopManager"
        },
        {
            "file": "src/util/LoopManager.js",
            "line": 99,
            "description": "ループ処理を開始します",
            "itemtype": "method",
            "name": "start",
            "class": "LoopManager"
        },
        {
            "file": "src/util/LoopManager.js",
            "line": 111,
            "description": "ループ処理を停止します",
            "itemtype": "method",
            "name": "stop",
            "class": "LoopManager"
        },
        {
            "file": "src/util/PollingManager.js",
            "line": 1,
            "description": "license inazumatv.com\nauthor (at)taikiken / htp://inazumatv.com\ndate 2013/12/13 - 17:42\n\nCopyright (c) 2011-2013 inazumatv.com, inc.\n\nDistributed under the terms of the MIT license.\nhttp://www.opensource.org/licenses/mit-license.html\n\nThis notice shall be included in all copies or substantial portions of the Software.\n\nrequire EventDispatcher, EventObject",
            "class": "PollingManager"
        },
        {
            "file": "src/util/PollingManager.js",
            "line": 77,
            "description": "event type",
            "itemtype": "property",
            "name": "POLLING_PAST",
            "final": "",
            "type": "{string}",
            "static": 1,
            "class": "PollingManager"
        },
        {
            "file": "src/util/PollingManager.js",
            "line": 90,
            "description": "pollingを開始します",
            "itemtype": "method",
            "name": "start",
            "class": "PollingManager"
        },
        {
            "file": "src/util/PollingManager.js",
            "line": 98,
            "description": "polling間隔を変更します",
            "itemtype": "method",
            "name": "change",
            "params": [
                {
                    "name": "ms",
                    "description": "milliseconds 指定",
                    "type": "Number"
                }
            ],
            "class": "PollingManager"
        },
        {
            "file": "src/util/PollingManager.js",
            "line": 109,
            "itemtype": "method",
            "name": "update",
            "return": {
                "description": "pollingに達した場合はtrueを返します",
                "type": "Boolean"
            },
            "class": "PollingManager"
        },
        {
            "file": "src/util/PollingManager.js",
            "line": 131,
            "description": "update 関数を破棄します",
            "itemtype": "method",
            "name": "destroy",
            "class": "PollingManager"
        },
        {
            "file": "src/inazumatv.js",
            "line": 162,
            "description": "Top Level\n継承に使用します",
            "itemtype": "method",
            "name": "extend",
            "params": [
                {
                    "name": "P",
                    "description": "親クラス",
                    "type": "Function"
                },
                {
                    "name": "C",
                    "description": "子クラス",
                    "type": "Function"
                }
            ],
            "class": "inazumatv"
        },
        {
            "file": "src/inazumatv.js",
            "line": 175,
            "description": "Top Level\n数値チェック",
            "itemtype": "method",
            "name": "isNumeric",
            "params": [
                {
                    "name": "obj",
                    "description": "",
                    "type": "*"
                }
            ],
            "class": "inazumatv"
        },
        {
            "file": "src/inazumatv.js",
            "line": 187,
            "description": "Top Level\n範囲指定乱数生成",
            "itemtype": "method",
            "name": "random",
            "params": [
                {
                    "name": "min",
                    "description": "最小値",
                    "type": "Number"
                },
                {
                    "name": "max",
                    "description": "最大値 optional",
                    "type": "Number",
                    "optional": true
                }
            ],
            "return": {
                "description": "min ~ max 間の乱数(Float)を発生させます",
                "type": "Number"
            },
            "class": "inazumatv"
        },
        {
            "file": "src/version.js",
            "line": 14,
            "description": "The version string for this release.",
            "itemtype": "property",
            "name": "version",
            "type": "String",
            "static": 1,
            "class": "inazumatv",
            "module": "inazumatv"
        },
        {
            "file": "src/version.js",
            "line": 22,
            "description": "The build date for this release in UTC format.",
            "itemtype": "property",
            "name": "buildDate",
            "type": "String",
            "static": 1,
            "class": "inazumatv",
            "module": "inazumatv"
        }
    ],
    "warnings": [
        {
            "message": "replacing incorrect tag: returns with return",
            "line": " src/browser/Browser.js:51"
        },
        {
            "message": "replacing incorrect tag: returns with return",
            "line": " src/browser/Browser.js:70"
        },
        {
            "message": "replacing incorrect tag: returns with return",
            "line": " src/browser/Browser.js:129"
        },
        {
            "message": "replacing incorrect tag: returns with return",
            "line": " src/browser/Browser.js:138"
        },
        {
            "message": "replacing incorrect tag: returns with return",
            "line": " src/browser/Browser.js:147"
        },
        {
            "message": "replacing incorrect tag: returns with return",
            "line": " src/browser/Browser.js:156"
        },
        {
            "message": "replacing incorrect tag: returns with return",
            "line": " src/browser/Browser.js:174"
        },
        {
            "message": "replacing incorrect tag: returns with return",
            "line": " src/browser/Browser.js:183"
        },
        {
            "message": "replacing incorrect tag: returns with return",
            "line": " src/browser/Browser.js:192"
        },
        {
            "message": "replacing incorrect tag: returns with return",
            "line": " src/browser/Browser.js:201"
        },
        {
            "message": "replacing incorrect tag: returns with return",
            "line": " src/browser/Browser.js:219"
        },
        {
            "message": "replacing incorrect tag: returns with return",
            "line": " src/browser/Browser.js:228"
        },
        {
            "message": "replacing incorrect tag: returns with return",
            "line": " src/browser/Browser.js:260"
        },
        {
            "message": "replacing incorrect tag: returns with return",
            "line": " src/browser/Browser.js:278"
        },
        {
            "message": "replacing incorrect tag: returns with return",
            "line": " src/browser/Browser.js:296"
        },
        {
            "message": "replacing incorrect tag: returns with return",
            "line": " src/browser/CookieUtil.js:32"
        },
        {
            "message": "replacing incorrect tag: returns with return",
            "line": " src/browser/CookieUtil.js:43"
        },
        {
            "message": "replacing incorrect tag: returns with return",
            "line": " src/browser/CookieUtil.js:75"
        },
        {
            "message": "replacing incorrect tag: returns with return",
            "line": " src/browser/CookieUtil.js:90"
        },
        {
            "message": "replacing incorrect tag: returns with return",
            "line": " src/browser/CookieUtil.js:101"
        },
        {
            "message": "replacing incorrect tag: returns with return",
            "line": " src/events/EventObject.js:39"
        },
        {
            "message": "unknown tag: version",
            "line": " src/net/LoadManager.js:153"
        },
        {
            "message": "unknown tag: constant",
            "line": " src/net/LoadManager.js:163"
        },
        {
            "message": "unknown tag: constant",
            "line": " src/net/LoadManager.js:171"
        },
        {
            "message": "replacing incorrect tag: function with method",
            "line": " src/net/LoadManager.js:227"
        },
        {
            "message": "replacing incorrect tag: function with method",
            "line": " src/net/LoadManager.js:235"
        },
        {
            "message": "replacing incorrect tag: function with method",
            "line": " src/net/LoadManager.js:243"
        },
        {
            "message": "replacing incorrect tag: returns with return",
            "line": " src/util/FPSManager.js:117"
        },
        {
            "message": "replacing incorrect tag: returns with return",
            "line": " src/util/FPSManager.js:125"
        },
        {
            "message": "replacing incorrect tag: returns with return",
            "line": " src/util/LoopManager.js:44"
        },
        {
            "message": "replacing incorrect tag: returns with return",
            "line": " src/util/LoopManager.js:73"
        },
        {
            "message": "replacing incorrect tag: returns with return",
            "line": " src/util/PollingManager.js:109"
        },
        {
            "message": "replacing incorrect tag: returns with return",
            "line": " src/inazumatv.js:187"
        },
        {
            "message": "Missing item type\nlicense inazumatv.com\nauthor (at)taikiken / htp://inazumatv.com\ndate 2013/12/12 - 17:25\n\nCopyright (c) 2011-2013 inazumatv.com, inc.\n\nDistributed under the terms of the MIT license.\nhttp://www.opensource.org/licenses/mit-license.html\n\nThis notice shall be included in all copies or substantial portions of the Software.",
            "line": " src/browser/Browser.js:1"
        },
        {
            "message": "Missing item type\niOS version detection",
            "line": " src/browser/Browser.js:51"
        },
        {
            "message": "Missing item type\nAndroid version detection",
            "line": " src/browser/Browser.js:70"
        },
        {
            "message": "Missing item type",
            "line": " src/browser/Browser.js:115"
        },
        {
            "message": "Missing item type\nlicense inazumatv.com\nauthor (at)taikiken / htp://inazumatv.com\ndate 2013/12/13 - 13:57\n\nCopyright (c) 2011-2013 inazumatv.com, inc.\n\nDistributed under the terms of the MIT license.\nhttp://www.opensource.org/licenses/mit-license.html\n\nThis notice shall be included in all copies or substantial portions of the Software.",
            "line": " src/browser/CookieUtil.js:1"
        },
        {
            "message": "Missing item type",
            "line": " src/browser/CookieUtil.js:26"
        },
        {
            "message": "Missing item type\nlicense inazumatv.com\nauthor (at)taikiken / htp://inazumatv.com\ndate 2013/12/13 - 14:26\n\nCopyright (c) 2011-2013 inazumatv.com, inc.\n\nDistributed under the terms of the MIT license.\nhttp://www.opensource.org/licenses/mit-license.html\n\nThis notice shall be included in all copies or substantial portions of the Software.",
            "line": " src/events/EventDispatcher.js:1"
        },
        {
            "message": "Missing item type\nlicense inazumatv.com\nauthor (at)taikiken / htp://inazumatv.com\ndate 2013/12/13 - 14:34\n\nCopyright (c) 2011-2013 inazumatv.com, inc.\n\nDistributed under the terms of the MIT license.\nhttp://www.opensource.org/licenses/mit-license.html\n\nThis notice shall be included in all copies or substantial portions of the Software.",
            "line": " src/events/EventObject.js:1"
        },
        {
            "message": "Missing item type\nパラメタ取出し",
            "line": " src/events/EventObject.js:39"
        },
        {
            "message": "Missing item type\nlicense inazumatv.com\nauthor (at)taikiken / htp://inazumatv.com\ndate 2013/12/13 - 16:58\n\nCopyright (c) 2011-2013 inazumatv.com, inc.\n\nDistributed under the terms of the MIT license.\nhttp://www.opensource.org/licenses/mit-license.html\n\nThis notice shall be included in all copies or substantial portions of the Software.",
            "line": " src/motion/ShuffleText.js:1"
        },
        {
            "message": "Missing item type\nlicense inazumatv.com\nauthor (at)taikiken / htp://inazumatv.com\ndate 2013/12/13 - 17:17\n\nCopyright (c) 2011-2013 inazumatv.com, inc.\n\nDistributed under the terms of the MIT license.\nhttp://www.opensource.org/licenses/mit-license.html\n\nThis notice shall be included in all copies or substantial portions of the Software.\n\nrequire LoadManager, EventDispatcher, EventObject",
            "line": " src/net/ImageLoader.js:1"
        },
        {
            "message": "Missing item type\nLoadManager instance",
            "line": " src/net/ImageLoader.js:29"
        },
        {
            "message": "Missing item type\n画像パスリスト",
            "line": " src/net/ImageLoader.js:35"
        },
        {
            "message": "Missing item type\n画像ロードを開始します",
            "line": " src/net/ImageLoader.js:73"
        },
        {
            "message": "Missing item type\nLoadManager by Yasunobu Ikeda. April 20, 2010\nVisit http://clockmaker.jp/ for documentation, updates and examples.\n\n\nCopyright (c) 2010 Yasunobu Ikeda\n\nPermission is hereby granted, free of charge, to any person\nobtaining a copy of this software and associated documentation\nfiles (the \"Software\"), to deal in the Software without\nrestriction, including without limitation the rights to use,\ncopy, modify, merge, publish, distribute, sublicense, and/or sell\ncopies of the Software, and to permit persons to whom the\nSoftware is furnished to do so, subject to the following\nconditions:\n\nThe above copyright notice and this permission notice shall be\nincluded in all copies or substantial portions of the Software.\n\nTHE SOFTWARE IS PROVIDED \"AS IS\", WITHOUT WARRANTY OF ANY KIND,\nEXPRESS OR IMPLIED, INCLUDING BUT NOT LIMITED TO THE WARRANTIES\nOF MERCHANTABILITY, FITNESS FOR A PARTICULAR PURPOSE AND\nNONINFRINGEMENT. IN NO EVENT SHALL THE AUTHORS OR COPYRIGHT\nHOLDERS BE LIABLE FOR ANY CLAIM, DAMAGES OR OTHER LIABILITY,\nWHETHER IN AN ACTION OF CONTRACT, TORT OR OTHERWISE, ARISING\nFROM, OUT OF OR IN CONNECTION WITH THE SOFTWARE OR THE USE OR\nOTHER DEALINGS IN THE SOFTWARE.",
            "line": " src/net/LoadManager.js:1"
        },
        {
            "message": "Missing item type\nlicense inazumatv.com\nauthor (at)taikiken / htp://inazumatv.com\ndate 2013/12/13 - 15:21\n\nCopyright (c) 2011-2013 inazumatv.com, inc.\n\nDistributed under the terms of the MIT license.\nhttp://www.opensource.org/licenses/mit-license.html\n\nThis notice shall be included in all copies or substantial portions of the Software.\n\nオリジナルはYasunobu Ikeda氏のLoadManagerです。\n(at)taikikenがカスタマイズして使用しています。",
            "line": " src/net/LoadManager.js:29"
        },
        {
            "message": "Missing item type",
            "line": " src/net/LoadManager.js:47"
        },
        {
            "message": "Missing item type\n読み込みアイテムのバリューオブジェクトです。",
            "line": " src/net/LoadManager.js:54"
        },
        {
            "message": "Missing item type\nURLです。",
            "line": " src/net/LoadManager.js:62"
        },
        {
            "message": "Missing item type\nエキストラオブジェクト(何でも保持可能)です。",
            "line": " src/net/LoadManager.js:67"
        },
        {
            "message": "Missing item type\nImage オブジェクトです。",
            "line": " src/net/LoadManager.js:73"
        },
        {
            "message": "Missing item type\nLoadManager の完了イベントを定義したイベントクラスです。\nネイティブのEventクラスの継承ではありませんので注意ください。",
            "line": " src/net/LoadManager.js:81"
        },
        {
            "message": "Missing item type\nイベントターゲットです。",
            "line": " src/net/LoadManager.js:90"
        },
        {
            "message": "Missing item type\nLoadManager のプログレスイベントを定義したイベントクラスです。\nネイティブのEventクラスの継承ではありませんので注意ください。",
            "line": " src/net/LoadManager.js:98"
        },
        {
            "message": "Missing item type\nNumber of items already loaded",
            "line": " src/net/LoadManager.js:105"
        },
        {
            "message": "Missing item type\nNumber of items to be loaded",
            "line": " src/net/LoadManager.js:110"
        },
        {
            "message": "Missing item type\nThe ratio (0-1) loaded (number of items loaded / number of items total)",
            "line": " src/net/LoadManager.js:115"
        },
        {
            "message": "Missing item type\n読み込み処理に関するデータオブジェクトです。",
            "line": " src/net/LoadManager.js:120"
        },
        {
            "message": "Missing item type\nイベントターゲットです。",
            "line": " src/net/LoadManager.js:125"
        },
        {
            "message": "Missing item type\nLoadManager のエラーイベントを定義したイベントクラスです。\nネイティブのEventクラスの継承ではありませんので注意ください。",
            "line": " src/net/LoadManager.js:133"
        },
        {
            "message": "Missing item type\n読み込み処理に関するデータオブジェクトです。",
            "line": " src/net/LoadManager.js:140"
        },
        {
            "message": "Missing item type\nイベントターゲットです。",
            "line": " src/net/LoadManager.js:145"
        },
        {
            "message": "Missing item type\nLogLevel: すべてのログを出力します。",
            "line": " src/net/LoadManager.js:163"
        },
        {
            "message": "Missing item type\nLogLevel: ログは一切出力しません。",
            "line": " src/net/LoadManager.js:171"
        },
        {
            "message": "Missing item type\nスコープを移譲した関数を作成します。",
            "line": " src/net/LoadManager.js:188"
        },
        {
            "message": "Missing item type",
            "line": " src/net/LoadManager.js:209"
        },
        {
            "message": "Missing item type",
            "line": " src/net/LoadManager.js:456"
        },
        {
            "message": "Missing item type\nlicense inazumatv.com\nauthor (at)taikiken / htp://inazumatv.com\ndate 2013/12/13 - 17:28\n\nCopyright (c) 2011-2013 inazumatv.com, inc.\n\nDistributed under the terms of the MIT license.\nhttp://www.opensource.org/licenses/mit-license.html\n\nThis notice shall be included in all copies or substantial portions of the Software.",
            "line": " src/util/CheckList.js:1"
        },
        {
            "message": "Missing item type\nlicense inazumatv.com\nauthor (at)taikiken / htp://inazumatv.com\ndate 2013/12/13 - 18:40\n\nCopyright (c) 2011-2013 inazumatv.com, inc.\n\nDistributed under the terms of the MIT license.\nhttp://www.opensource.org/licenses/mit-license.html\n\nThis notice shall be included in all copies or substantial portions of the Software.\n\nrequire EventDispatcher, EventObject",
            "line": " src/util/FPSManager.js:1"
        },
        {
            "message": "Missing item type\nlicense inazumatv.com\nauthor (at)taikiken / htp://inazumatv.com\ndate 2013/12/13 - 19:11\n\nCopyright (c) 2011-2013 inazumatv.com, inc.\n\nDistributed under the terms of the MIT license.\nhttp://www.opensource.org/licenses/mit-license.html\n\nThis notice shall be included in all copies or substantial portions of the Software.\n\nrequire EventDispatcher, EventObject",
            "line": " src/util/LoopManager.js:1"
        },
        {
            "message": "Missing item type\nlicense inazumatv.com\nauthor (at)taikiken / htp://inazumatv.com\ndate 2013/12/13 - 17:42\n\nCopyright (c) 2011-2013 inazumatv.com, inc.\n\nDistributed under the terms of the MIT license.\nhttp://www.opensource.org/licenses/mit-license.html\n\nThis notice shall be included in all copies or substantial portions of the Software.\n\nrequire EventDispatcher, EventObject",
            "line": " src/util/PollingManager.js:1"
        }
    ]
}